id,type,text1,text2,text3,notes
,,,,,
#星球/地图建筑描述,,,,,
RS_planet1_description,CUSTOM,十字军计划的幸存者们在英仙座星域中的第一个正式落脚点，也是这群漂泊的理想主义者们的第一个家。得益于这颗星球得天独厚的宜居环境，她是一个温暖的家；而在骑士团强大武力的屏卫下，她也是一座安定的港湾。,,,
RS_planet2_description,CUSTOM,十字军们深知生产力代表了太多，而作为科研工作者后代的骑士团也继承了这一点。在一个多世纪的建设下，这座星球被人为的伟力重塑了地形地貌、安抚了构造运动、并几乎掏空了地壳地幔；骑士团将这座星球打造成了一座庄严的工业世界————从追溯到十字军计划的巨型舰载自动工厂、到近几十年来与霸主交换利益所得的纳米锻炉，上到飞船的建造、下到家电的修理；这颗星球已然成为人类工业的具象，依旧在世的十字军们也冀望着她能成为人类重新航向深空的桥头堡。,,,
RS_planet3_description,CUSTOM,原先只是一颗普通的气态巨行星。但是在骑士团的常备舰队规模扩大后，日益暴涨的燃料需求促使骑士团政府不得不再次开发一处燃料制造基地。经过数十年的发展与多次升级，这里已经成为了骑士团舰队能够完全自给自足的一个重要依仗。,,,
,,,,,
#武器描述,,,,,
rs_pao,WEAPON,红条骑士团在立足星域前期仿制的雷神炮。聚焦于远程火力打击，牺牲了部分压制力。,,,
rs_aeriallavatio_small,WEAPON,红条骑士团制式小型近距离防御系统。高效但是辐能压力相对同类型武器较高。,,,
rs_aeriallavatio_medium,WEAPON,红条骑士团制式中型近距离防御系统。高效但是辐能压力相对同类型武器较高。,,,
rs_justiceconfessor_small,WEAPON,红条骑士团制式小型反舰体武器，火力凶猛，但是辐能压力也十分凶猛。,,,
rs_justiceconfessor_medium,WEAPON,红条骑士团制式中型反舰体武器，火力凶猛，但是辐能压力也十分凶猛。,,,
rs_justiceconfessor_large,WEAPON,红条骑士团制式重型反舰体武器，火力凶猛，但是辐能压力也十分凶猛。,,,
rs_misericorde_large,WEAPON,她可以对敌人的护盾产生狂风骤雨一般的压制，同时对本舰电网的压力也是如此。,,,
rs_misericorde_medium,WEAPON,便捷、便宜、有效；你只需要忍受她对舰船电网的摧残即可。,,,
rs_judexterminatus,WEAPON,一类实验性质的质量投射装置。如果抛开经常烧毁舰船电网不谈，她会是一类很优秀的武器。,,,
rs_pyreticon_large,WEAPON,红条骑士团制式重型反护盾武器，火力凶猛，但是辐能压力也十分凶猛。,,,
rs_pyreticon_medium,WEAPON,红条骑士团制式中型反护盾武器，火力凶猛，但是辐能压力也十分凶猛。,,,
rs_daodan,WEAPON,骑士团对短矛的改进产品，削弱了战斗续航能力换取更猛烈的压制力。,,,
rs_petrarupt,WEAPON,高航速、高伤害、强泛用性，使其成为了中距离压制的好手。,,,
rs_petrarupt_m,WEAPON,破岩 MRM 突进 发射器的小型化版本，内置于守望者军团护卫舰中充当主要攻击手段。,,,
rs_scattercannon_L,WEAPON,从理论上来说，这是一款不太高明的武器——因为将未定型的离子团一股脑地发射出去总是会造成比较大的能量损耗；但是骑士团的科研人员通过提高离子团出膛速度稍微弥补了这一缺陷并将其实用化，只是过大的击发装置挤占了供弹空间，使得该武器无法连续发射。,,,
rs_scattercannon_M,WEAPON,是 “福音” 霰射炮的小型化，为此研究人员只能减小其击发装置的体积，同时也不得不在本就捉襟见肘的供弹机构上再减一部，最后表现为射程与持续开火效率的下降。不过这些牺牲被实战证明是值得的。,,,
rs_oeconomia_M,WEAPON,机制简单的近乎于传统理念上的质量投射装置，不过创新之处在于改进了供弹机制：能够以低能量成本快速投射大量弹丸，但是以弹夹填充装置为代价。故而在有效使用的情况下，它能够成为打击各种软硬目标的可靠手段。,,,
rs_oeconomia_L,WEAPON,“经世 ”中型机炮的大型化产物，在提升火力密度、有效作战半径的同时有效改进了火力持续性，可承担多种作战任务，是实弹武器中的优秀选择。,,,
rs_petrarupt_b,WEAPON,"为了提升""破岩""发射装置的持续打击能力，一整套体积巨大的供弹系统被内置于舰体框架中；纵然如此，为了保障其能够进行持续火力投送，发射装置的单次发射量被削减。",,,
rs_Ludiciumaccelerator,WEAPON,内置于刻耳柏洛斯 级舰体框架中沿中轴线排列的能量加速器，能将高速等离子弹丸准确地投送到敌对目标的位置。,,,
rs_euthystopos_b,WEAPON,一类巨型质量投送器，一般只安装于特种作战舰船上，能够根据不同的作战需要切换不同的弹种；具有极高的瞬时爆发能力，但是由于其过于庞大的供弹结构，发射后需要较长时间重新装填弹药。,,,
rs_euthystopos_e,WEAPON,一类巨型能量递送器，一般只安装于特种作战舰船上，能够根据不同的作战需要发射不同种类的能量聚合体；具有极高的瞬时爆发能力，但是由于其过于巨大的能量需求，发射时对舰船电网压力极大，且发射后需要较长时间重新充能。,,,
rs_Nazaret_missile,WEAPON,"部分简化设计的""拿撒勒'级 战舰上用于替换飞行甲板的导弹阵列，发射密集的微型导弹；微型导弹在靠近目标后会爆发高能粒子射流，密集照射下足以撕裂舰船结构。",,,
rs_proorizo,WEAPON,你很难在星域中再寻找到这样一座令人如此印象深刻的武器——不，这似乎不能只称作是一门简单的武器：某种意义上来说，这就是拜占庭级 的主体结构。这是一门在发射时让这一艘一艘庞然大物都难以招架的怪物，其发射的弹丸足以破坏一切。在某种程度上这门武器的设计师十分仁慈——因为她带来的毁灭总是快过人的认识。,,,
rs_euthystopos_b_built,WEAPON,埋藏于忠诚级 炮击巡洋舰舰体，沿中轴线布置的模块化大型武器。能够根据不同的作战需要切换不同的弹种；具有极高的瞬时爆发能力，但是由于其过于庞大的供弹结构，发射后需要较长时间重新装填弹药。,,,
rs_dsintegratorbean_L,WEAPON,埋藏于忠诚级 炮击巡洋舰舰体，沿中轴线布置的模块化大型武器。以强约束磁场像目标精准投送超高温反物质射流，可以融化命中点位置的防护装甲。,,,
vow_ligatio_s,WEAPON,一类高能粒子束发射器，其发射的粒子束会对命中目标施加作用力，在撞击小型目标时能够将其减速乃至推离原有航线。,,,
vow_ligatio,WEAPON,一类定向粒子场投射器，粒子场其中的小型目标会因为撞击高密度粒子而被迟滞，最后被战场上的其它火力轻易消灭。,,,
vow_Tonitruum_s,WEAPON,一类定向粒子束发射器，其发射的粒子束相较捆缚波长更短，能量级别更高，命中目标产生冲击力时高能粒子的湮灭会产生打击目标的电弧；但是由于能量逸散严重导致对装甲毁伤效果不佳。,,,
vow_Tonitruum_l,WEAPON,一类定向粒子束发射器，其发射的粒子束相较捆缚波长更短，能量级别更高，命中目标产生冲击力时高能粒子的湮灭会产生打击目标的电弧；但是由于能量逸散严重导致对装甲毁伤效果不佳。相较其小型版本具有更高的输出功率。,,,
vow_Sanctaferit_m,WEAPON,一类定向离子波发射器，发射的等离子束能够轻易毁伤目标装甲，但是由于发射时热量极高无法进行持续打击。,,,
vow_Sanctaferit_l,WEAPON,一类定向离子波发射器，发射的等离子束能够轻易毁伤目标装甲，但是由于发射时热量极高无法进行持续打击。相较其中型版本拥有更高的爆发功率，但是持续火力更逊一筹。,,,
vow_Ignis_s,WEAPON,一类高能粒子投射器，能以相对较少的能耗定向投射具有毁灭性威力的高能粒子，拥有与其尺寸不符的破坏能力，但是一次发射后需要较长时间充能。,,,
vow_Ignis_l,WEAPON,一类高能粒子投射器，能以相对较少的能耗定向投射具有毁灭性威力的高能粒子，拥有与其尺寸不符的破坏能力，但是一次发射后需要较长时间充能。相较其小型版本，其投射功率巨大，但是能耗也相对应地呈指数形式增加。,,,
vow_nuke_fighter,WEAPON,正如其名，绝罚 是一类用于对高价值战术目标执行歼灭作战的武器。其本质是一枚高装药无指导鱼雷，被以相对较低的速度投送后持续加速直至命中目标或引擎熄火。虽然原理简单，但是其通过内向锥体排列的高密度装药能够毁灭直击目标对较大范围内的次要目标产生附带损伤。其整备困难，作战时应当谨慎使用。,,,
cr_LEA_17,WEAPON,十字军计划制式小型长距离压制武器，泛用性强，但辐能消耗较高。,,,
cr_LEA_26,WEAPON,十字军计划制式中型长距离压制武器，泛用性强，但辐能消耗较高。,,,
cr_LEA_51,WEAPON,十字军计划制式重型长距离压制武器，泛用性强，但辐能消耗较高。,,,
cr_MEP_04,WEAPON,十字军计划制式小型中距离打击武器，主要承担反舰体任务，对护盾效率不太可观。,,,
cr_MEP_15,WEAPON,十字军计划制式中型中距离打击武器，主要承担反舰体任务，对护盾效率不太可观。,,,
cr_MEP_43,WEAPON,十字军计划制式重型中距离打击武器，主要承担反舰体任务，对护盾效率不太可观。,,,
cr_EFlak_69,WEAPON,十字军计划制式小型近程防御系统，成规模的部署能够在事实上造就一片净空。,,,
cr_EFlakT_69,WEAPON,十字军计划制式中型近程防御系统，成规模的部署能够在事实上造就一片净空。,,,
cr_SEHP_38,WEAPON,十字军计划制式密接支援火力阵列，能承受如此密度火力打击而幸存的护盾还没被英仙座研究出来。,,,
cr_eoswhisper,WEAPON,十字军计划部分舰船内置的近程防御系统。高效而精准，用作拦截能侥幸穿透舰队密集防空火力的幸运儿。,,,
rs_flammispurgatorialis,WEAPON,实验性质的骑士团多用途火力打击阵列，她远比你想象中有用。,,,
cr_nimbusrend_m,WEAPON,“穿云”的小型化产物，增强了效能，限制了能量输出，使其能够承担更为广泛的打击职能。,,,
cr_nimbusrend,WEAPON,纵然不比“裂空”，但也足够摄人心魄；作为眩光级的核心，这是她在战场上所向披靡的最大依据。,,,
cr_aetherclasm,WEAPON,体积惊人的粒子约束装置，事实上耀光级便是围绕这一座惊人的装置设计而成。自然，她的威力也不会令人失望。,,,
rs_sinfulplumage,WEAPON,具有实验性质的，在霸主授权下对星域现有热脉冲加农的改进产物。用些许射程换取了更高效的压制能力。,,,
cr_lapislull_b,WEAPON,十字军计划制式长距离压制导弹系统，由于弹头体积问题，设计时便要预留充足的制造空间，故而为了成本考虑，只作为内置导弹武器出现。,,,
crr_pd_missile,WEAPON,内置于马太级的对空导弹系统。结合了十字军计划的部分技术，具有先进的指导能力与防空效率。,,,
rs_judexterminatus_twin,WEAPON,实验性巨型质量加速器，几乎需要榨干一艘舰船的全部电网性能才能喂饱这匹野兽。,,,
cr_contemplatio,WEAPON,内置于圣枪级舰体内部的大型DEM发射器，其瞬时爆发的能量甚至可以撕裂空间，纵然只有几纳秒。,,,
rs_arondight,WEAPON,以整段脱落的星门搬运舰动力舱为基础架构搭建的超巨型质量加速器，你可以从中窥见些许人类意图征服这片星海的雄心。,,,
rs_chesed,WEAPON,内置于神仆级舰体的大型质量加速器。可根据船插切换以应对多种情况。,,,
rs_bracha,WEAPON,内置于神仆级舰体的大型质量加速器。可根据船插切换以应对多种情况。,,,
rs_constantia_Maingun1,WEAPON,内置于 坚定级 舰船中央的大型能量炮塔，本质上是一门三联装热脉冲加农炮，但是用更高的辐能需求换取了短时间内更强大的压制能力。由于发射机构占用空间巨大，该武器的弹夹不支持长时间开火，因而长时间下的压制能力偏弱。,,,
rs_constantia_Maingun2,WEAPON,内置于 坚定级 舰船中央的大型电磁轨道加速器，是通过修改武器发射模式用以弹射高质量弹丸的一类动能武器。该武器在长距离下拥有强大的对护盾压制能力，同时对中型装甲单位也有不俗的打击效果；但是请务必实时关注舰船辐能情况。,,,
rs_LEA_sp,WEAPON,基于长程能量加农51型改进而来的实验性质武器，更加强烈的能量输出注定了她无法被绝大部分舰船搭载。,,,
cr_frigate_launcher1,WEAPON,为了保障深空巡航的可持续性，十字军计划使用即时建造护卫舰的方式应对小型舰船的需求；故而诞生了这座护卫舰弹射装置。,,,
cr_KEP_11,WEAPON,十字军计划制式小型中距离对护盾特化压制武器，以相对可以接受的电网压力换取对敌方单位护盾的持续压迫。,,,
cr_KEP_21,WEAPON,十字军计划制式中型中距离对护盾特化压制武器，以相对可以接受的电网压力换取对敌方单位护盾的持续压迫。,,,
cr_url_m,WEAPON,十字军计划制式中型制导火箭发射器。设计的目的便是使用低成本而高效的制导火箭压制敌方单位的护盾并造成附带的瘫痪效果。,,,
rs_dsintegratorbean,WEAPON,"""铁球""所搭载的模块化武器，以强约束磁场像目标精准投送超高温反物质射流，可以融化命中点位置的防护装甲。",,,
rs_TMA_MA_Wing_Left,WEAPON,"""蝴蝶兰""装载的翼状武器吊舱，同时作为附加推进器与微型导弹发射阵列。",,,
rs_TMA_MA_Wing_Right,WEAPON,"""蝴蝶兰""装载的翼状武器吊舱，同时作为附加推进器与微型导弹发射阵列。",,,
rs_Tr_1_arm_right_gun_rifle,WEAPON,骑士团特殊模块化机动兵器(TR计划)使用的通用长距离武器，可搭载于TR计划的基本上所有类型的机动兵器上作为ms的手部武器挂载；可以在较长距离上较为精准地命中敌方目标，压制其护盾并对轻型装甲目标造成可观威胁。,,,
rs_Tr_1_arm_left_gun_rifle,WEAPON,骑士团特殊模块化机动兵器(TR计划)使用的通用长距离武器，可搭载于TR计划的基本上所有类型的机动兵器上作为ms的手部武器挂载；可以在较长距离上较为精准地命中敌方目标，压制其护盾并对轻型装甲目标造成可观威胁。,,,
rs_owsla_right_gun_rifle,WEAPON,骑士团特殊模块化机动兵器(TR计划)使用的通用长距离武器，可搭载于TR计划的基本上所有类型的机动兵器上作为外挂武器系统挂载；可以在较长距离上较为精准地命中敌方目标，压制其护盾并对轻型装甲目标造成可观威胁。,,,
rs_owsla_left_gun_rifle,WEAPON,骑士团特殊模块化机动兵器(TR计划)使用的通用长距离武器，可搭载于TR计划的基本上所有类型的机动兵器上作为外挂武器系统挂载；可以在较长距离上较为精准地命中敌方目标，压制其护盾并对轻型装甲目标造成可观威胁。,,,
rs_Tr_1_arm_left_gun_Sabre,WEAPON,骑士团特殊模块化机动兵器(TR计划)使用的通用近距离自卫武器，可搭载于TR计划的基本上所有类型的机动兵器上作为ms的手部武器挂载；能够对各种目标造成比较严重的直接杀伤。,,,
rs_Owsla_Arm_LinerBit_Control_L,WEAPON,海兹尔-奥斯拉-巨神装备搭载用于控制额外线控机械臂的武器系统；该系统会为线控机械臂锁定目标并指引线导炮进行环绕攻击。,,,
rs_Owsla_Arm_LinerBit_Control_R,WEAPON,海兹尔-奥斯拉-巨神装备搭载用于控制额外线控机械臂的武器系统；该系统会为线控机械臂锁定目标并指引线导炮进行环绕攻击。,,,
rs_AMS_06_beambazooka_brust,WEAPON,原本设计搭载于TR4罗塞特上的专用光束火箭筒，以超高的能耗换取了相对于搭载平台规模的极大破坏力；以爆发模式进行开火，一次性将所有能量定向爆发，具有极强爆发力。,,,
rs_AMS_06_beambazooka_charge,WEAPON,原本设计搭载于TR4罗塞特上的专用光束火箭筒，以超高的能耗换取了相对于搭载平台规模的极大破坏力；以点射模式进行开火，将系统储蓄能量进行可控定向发射，兼具一定爆发能力与续航性。,,,
rs_Tr_6_arm_right_gun_rifle,WEAPON,专用于TR6伍德沃特及其后续改装机体搭载的长距离光束武器，在短暂蓄能后发射定向高速等离子体弹丸，能够有效打击基本上所有类型的目标，但是对载体的电网强度提出了比较严苛的需求，故而在发射时机上依赖于驾驶员的临场应变。,,,
rs_Tr_6_arm_left_gun_rifle,WEAPON,专用于TR6伍德沃特及其后续改装机体搭载的长距离光束武器，在短暂蓄能后发射定向高速等离子体弹丸，能够有效打击基本上所有类型的目标，但是对载体的电网强度提出了比较严苛的需求，故而在发射时机上依赖于驾驶员的临场应变。,,,
rs_Tr_6_subgun,WEAPON,内嵌于TR6伍德沃特及其后续改进型号机体框架内部的光束武器，用于在中距离对中小型目标进行有效干扰与打击。,,,
rs_Tr_2_BL_m,WEAPON,这样一门执行长距离打击的能量武器是TR2计划的绝对核心，故而在某种程度上也成为了TR2的基准载体的最大存在意义；在命中敌方目标时，外溢的能量束能够打击附近的敌方目标。,,,
rs_Dandelion_Arm_LinerBit_Control_L,WEAPON,TR4丹迪莱恩装备搭载用于控制额外线控机械臂的武器系统；该系统会为线控机械臂锁定目标并指引线导炮进行环绕攻击。,,,
rs_Dandelion_Arm_LinerBit_Control_R,WEAPON,TR4丹迪莱恩装备搭载用于控制额外线控机械臂的武器系统；该系统会为线控机械臂锁定目标并指引线导炮进行环绕攻击。,,,
rs_Fiver_lanuch_left_assault,WEAPON,用于在战斗中发射基哈尔无人作战单元的外挂装备系统，能发射搭载进攻装备的基哈尔无人作战单元，内置的自动纳米工厂能够以缓慢的速度在作战状态下制造基哈尔无人作战单元。,,,
rs_Fiver_lanuch_right_assault,WEAPON,用于在战斗中发射基哈尔无人作战单元的外挂装备系统，能发射搭载进攻装备的基哈尔无人作战单元，内置的自动纳米工厂能够以缓慢的速度在作战状态下制造基哈尔无人作战单元。,,,
rs_Fiver_lanuch_left_defense,WEAPON,用于在战斗中发射基哈尔无人作战单元的外挂装备系统，能发射搭载防御装备的基哈尔无人作战单元，内置的自动纳米工厂能够以缓慢的速度在作战状态下制造基哈尔无人作战单元。,,,
rs_Fiver_lanuch_right_defense,WEAPON,用于在战斗中发射基哈尔无人作战单元的外挂装备系统，能发射搭载防御装备的基哈尔无人作战单元，内置的自动纳米工厂能够以缓慢的速度在作战状态下制造基哈尔无人作战单元。,,,
rs_Fiver_lanuch_left_firesupport,WEAPON,用于在战斗中发射基哈尔无人作战单元的外挂装备系统，能发射搭载火力支援装备的基哈尔无人作战单元，内置的自动纳米工厂能够以缓慢的速度在作战状态下制造基哈尔无人作战单元。,,,
rs_Fiver_lanuch_right_firesupport,WEAPON,用于在战斗中发射基哈尔无人作战单元的外挂装备系统，能发射搭载火力支援装备的基哈尔无人作战单元，内置的自动纳米工厂能够以缓慢的速度在作战状态下制造基哈尔无人作战单元。,,,
vow_VMS_14_arm_cannon_right,WEAPON,挂载于VMS_14巴扎姆右臂，与主武器同步的榴弹发射器，发射锥形装药电浆榴弹，可以兼顾应对轻型、中型装甲目标和瘫痪敌人配备的战术任务,,,
vow_VMS_15_arm_right_gun,WEAPON,VMS_15里海泽使用的主武器，本质上是一门小型化的主力舰规格粒子约束器，威力巨大但是受限于冷却与储能系统功率不足，无法做到长时间连续发射，多次发射后需要等待充能与系统冷却,,,
vow_VMS_Hambrabi_missile_left,WEAPON,誓言者所属机动兵器的外挂武器装备，简单可靠，能在单次开火时连续发射3枚具有毁灭性威力的鱼雷，但是发射后需要一定时间装填；具有极强爆发力与极高上限，但是由于没有制导系统比较依赖机师的临场判断,,,
vow_VMS_Hambrabi_missile_right,WEAPON,誓言者所属机动兵器的外挂武器装备，简单可靠，能在单次开火时连续发射3枚具有毁灭性威力的鱼雷，但是发射后需要一定时间装填；具有极强爆发力与极高上限，但是由于没有制导系统比较依赖机师的临场判断,,,
vow_VMS_Hambrabi_cannon_left,WEAPON,誓言者所属机动兵器的外挂武器装备，是一门主力舰规格的等离子团发射器，能够有效压制敌方单位，同时具有较强泛用性；但是开火所需辐能较高，需要机师对机体自身能量水平有充分把握,,,
vow_VMS_12_arm_right_machinegun,WEAPON,作为临场应变的典范，特拉杰以及其上的所有子系统本质上都是誓言者们用已有素材拼凑出来的；这门转管机炮也是战舰上已有的中型实弹槽位改装而来，内置发电机避免了对机体能量的消耗，代价就是无法自动补充弹药,,,
vow_VMS_12_arm_right_antiship,WEAPON,为了应对不同战斗情况，誓言者们尝试获取了一批英仙座内已有流通的机动兵器，并将她们的备件进行改装最后适配于特拉杰的子系统上；这门长管加农就是这一时期的产物，多用于反制中、轻型装甲目标与远距离对护盾压制。,,,
vow_VMS_12_arm_right_magena,WEAPON,为了应对不同战斗情况，誓言者们尝试获取了一批英仙座内已有流通的机动兵器，并将她们的备件进行改装最后适配于特拉杰的子系统上；在一开始光束马格南就凭借其毁灭性的威力与相对轻量化的体积吸引了誓言者们的注意力，不过为了适配特拉杰那孱弱的框架强度，改装后的光束马格南几乎不允许进行连续射击，不过其引人注目的单发伤害被很好地保留了下来。,,,
vow_VMS_12_arm_left_missile,WEAPON,对于这样一款武器，几乎无人能够详细地描述它——因为它简单到无需描述——一块非均质装甲板，焊接上两个挂点，挂载两枚无指导锥形装药火箭弹；简单，粗糙，与精致和准确无关，但是有效。,,,
vow_euthystopos_e,WEAPON,几乎是完全脱胎于拿撒勒 级无畏舰主炮的内置武器，但是通过降低部分射程与单次输入水准换取了一定的持续打击能力。,,,
,,,,,
#舰船描述,,,,,
cr_theosphany,SHIP,"围绕“裂空”建造的炮击战列舰。为了最大限度缩短建造时间而采取了许多超出当前英仙座平均建造水准的标准化设计。

作为舰队的火力支点，她可以在不顾自身电网压力的情况下正面凌虐目前英仙座星域内任何一类常规主力战舰。作为十字军计划的主要护航舰种之一，她的实力远超英仙座现存的任何一类常规主力战舰，她本身便是人类掌控能量的一种体现。",,,
cr_theonova,SHIP,"围绕“穿云”建造的炮击战列巡洋舰。为了最大限度缩短建造时间而采取了许多超出当前英仙座平均建造水准的标准化设计。

相对于耀光级，眩光级能够承担更多的作战任务；但不会有谁因为她在火力上的缩水而心怀任何轻视：因为曾经存在这种想法的人都随着他们的星舰化为了宇宙中的尘埃。",,,
cr_theosolaceon,SHIP,"围绕“散雾”建造的炮击巡洋舰。为了最大限度缩短建造时间而采取了许多超出当前英仙座平均建造水准的标准化设计。

十分简单的设计：真正意义上的一门加了引擎的主炮。她孱弱的防护意味着她无法独自面对星域中存在的许多威胁。只是一旦能够成规模部署，她所组成的集群便成为了星域中一股无法小觑的威胁。",,,
cr_tabernaculum,SHIP,"圣龛 级，作为十字军常规舰队中少有的常备舰船，作战并不是她最主要的职责：巨大开放且加装了丰富工程设备的港口对于绝大部分舰船已经可以作为一个较为合适的整修车间；同时如此巨大的港口也能在战时容纳大量舰载机联队短时间内的高频次出动。
这样一艘令人惊叹的舰船无论何时都会是星域中的抢手货，但是由于她装载的大量工程设置，其维护成本也是天文数字级的。",,,
cr_malakbinger,SHIP,"作为舰队航空力量投射的支点，圣使级的设计思路几乎就是飞行的甲板加上引擎————抛开她先进的偏相镀层防御系统和特殊设计的制空与整备系统不谈的话。

纵然机动不便，但是其广阔的内部空间为航空作战提供了许多便利。凭借复数甲板、远距离舰载机强化系统与护卫舰弹射装置，圣使级可以轻易地抢夺目标空域的制空权。无疑地，作为一艘舰队航母，她是十分优秀的。",,,
cr_dogamtiapalatine,SHIP,"圣徒级是圣使级的小型化设计，为了保障其支援范围还额外提升了机动性。这使得圣徒级能够作为舰队航空作战的中坚力量。

有人认为圣徒级的火力相对于一艘先进的大型巡洋舰而言过于孱弱，但是成集群的圣使级证明了对于她而言，舰体火力反倒是最无关紧要的属性。",,,
cr_vigimalachim,SHIP,十字军计划制式护卫舰，由搭载了相应纳米工厂的航空作战舰船制造而弹射加入作战。能够为舰队提供源源不断地小型舰船支援。,,,
cr_michaelangelus,SHIP,"米开朗琪罗 级，这是十字军计划舰队中名副其实的多面手，动力强劲、功能多样、同时兼顾远距离深稳定空航行能力。其原先就是为了承担舰队远距离深空航行中的常备武装力量而进行设计、定型并建造的。她拥有令人咋舌的巨量航空投送能力，同时开放的大型空港也有能力对中小型舰船整体、乃至大型舰船的部分子系统进行不停靠检修的能力。
而为了弥补开放修空港带来的防护能力下降，米开朗琪罗 级牺牲了大部分常规武备投送能力换来了厚重的装甲与可改造空间极大的冗余系统，其主要的火力投送方式只能依靠搭载的战机联队与固定的导弹挂载点。纵然如此，战场上的米开朗琪罗 级亦是横亘在许多图谋不轨的武装力量之前的一道天堑——不过这道天堑很大概率会在你发动有威胁的攻击之前将你撕碎。",,,
cr_dantealighieri,SHIP,"但丁级是舰队接敌的第一道防线，是名副其实的舰队之盾。无论妄图染指舰队的是遥远深空弥散的射电辐射抑或是不怀好意的能量射弹，她都一视同仁地将它们阻隔在外。

但丁级的正面火力十分凶猛，作为代价则是其孱弱的侧后方火力。但是在舰队作战中，只要有值得依靠的队友，但丁级便会是令人无法逾越的叹息之壁。",,,
cr_davinci,SHIP,"达芬奇 级航空巡洋舰，用于弥补十字军舰队队列中部分巡洋舰的职能缺失而被设计建造出来。在能够维持正面战线稳定的同时，凭借较为优秀的机动性与多样化的武器系统，她能够以多种手段从各种角度有效打击敌人，并能够胜任复杂条件下的战术任务。
同样地，达芬奇 级结构简单，制造周期短，可以在有必要且材料充足时进行大批量制造，是一款优秀的泛用舰船。",,,
cr_raffaello,SHIP,"拉斐尔级常用于护航舰队中的大型舰船，她完全能胜任一位合格的侍卫。

她的职责就是为大型舰船吸引火力，所以她基本就是一座加装引擎的护盾发生器————但是谁也不能妄言她一无是处，毕竟一艘难以击沉的驱逐舰能带来的麻烦可不是动动嘴皮子就能解决的。",,,
cr_hastadiparaoxa,SHIP,"正如其名，圣枪级设计之初便是为了突入敌阵，一击制敌。这一切都要归功于融入她舰体框架中大到不合常理的“超脱”DEM发射器————纵然圣枪级为了容纳这座巨物牺牲了许多，但是精明的设计师们才不会去做亏本买卖。

她修长的舰体有许多空间都是为了搭载“超脱”DEM发射器而设计的；而正是这一强大的导弹阵列给予了圣枪级面对更大规模敌人的一战之力。",,,
cr_scutumfidei,SHIP,"为了契合圣枪级的作战思路，圣盾级被设计出来作为圣枪级的接应与后援存在。但正如厚重的巨盾————她的拍击也足够致敌人于死地。

作为主力舰而言，她的直接火力相对薄弱；但是她惊人的机动能力与两座内置的导弹阵列弥补了这一缺陷。作为机动作战思想的集大成者，圣盾级是一名令人畏惧的对手。",,,
cr_gladiusargentidivinmus,SHIP,"作为隐秘作战与舰队侦察任务的先驱，银匕级相位破袭舰是十字军计划中最广泛列装的相位战舰。她沿袭了十字军计划制式舰船一贯的风格————设计新颖科学，制造简单精密，效果显著清楚。她别出心裁地使用了不同于传统相位舰船的线圈设计，转而使用了一种特殊的、以长冷却但是高效率为特征的分布式相位线圈系统，保证了其在相位状态下的高机动性————纵然这型相位线圈在某种程度上削弱了银匕级的持续作战能力，但在实际作战中显得并不那么重要。

作为特殊设计的相位作战舰只，银匕级的主要任务包括破袭作战、撕裂阵线与敌后侦察；其实际作战表现证明了她足以被称作个中好手。同时银匕级搭载的特殊相位线圈从某种程度上也是十字军计划所研究的先进空间技术的体现。",,,
cr_hastaargentidivinus,SHIP,"如果是作为一艘传统主力舰，银枪级可以说是不合格的————她的火力投送能力远低于正常的传统主力舰。但是作为舰队的枪尖，她以超绝机动性以及瞬时导弹投放能力撕裂一切敌方势力的阵线————无意的，作为枪尖，银枪级足够优秀。

银枪级最具有威胁性的是她独特的偏相滑移系统————这套引擎爆发系统同样装在与银匕级上，但由于没有正常的相位线圈搭载，银枪级的动力系统为了适配这一特殊系统做出了许多让步，这也是导致其孱弱火力投送能力的罪魁祸首。但也正是由于这套系统，银枪级得以作为舰队枪尖活跃于阵线之上。",,,
,,,,,
rs_zanmei,SHIP,"在十字军计划的残存人员终于得以在核心星域的边缘寻得一处避风港时，他们面临着第一次ai战争后的余波冲击————于是急需一款大型战斗舰船以保卫这难得的净土。于是在被打捞的征服者级残骸的基础上，赞美级被制造出来作为骑士团的首型战列舰。

纵然在如今的眼光看来，赞美级是有较大瑕疵的：笨拙、庞大护盾性能拙劣。但是她的笨拙和庞大为大量武器阵列与子系统的摆放提供了充足空间；由于技术原因未能优化的护盾系统也为电网的重构提供了必须的系统冗余。应该说，赞美级的改装是他们在当时技术条件与工业环境下能做到的极致了。

在骑士团自研的战列舰开始列装以来，赞美级便停止了流水线组装并开始逐渐退出现役；但由于其建造工艺简单，直到现在依旧有零星的赞美级依靠打捞的残骸被建造并列装以补充一般战斗舰船的不足。在可见的将来，这一级功勋卓著的、为这片净土提供了最开始也是最重要庇护的老女士依旧没有休息的机会。不过比起安闲地作为供人参观地博物馆，在前线战斗才应该是她的归宿。",,,
rs_xun,SHIP,骑士团早期用于扩充星系防御力量的常规巡洋舰，通过在制高点 级的框架上搭载骑士团常用的子系统改装而来，相对简便但是可改装空间有限，是基于现实考虑的无奈产物。不过她确实能在战场上发挥足够的作用，能够较好地完成作战任务，故而能够长期服役于骑士团武装力量队列中。,,,
rs_you,SHIP,"利用现有民用舰船组件简单建造的一型货运舰船，仍保留一定的火力投送能力以期在边缘星域的海盗手中自保。

为了应对早期运力不足的窘境而设计并建造的一型较为简陋的运油船；由于骑士团在很长的一段时间内并没有扩张计划，且绝大部分舰船兼顾一定的燃料运输能力，故长期存在于骑士团现役舰船队列。具有一定的航空打击能力。",,,
rs_huo,SHIP,"利用现有民用舰船组件简单建造的一型货运舰船，仍保留一定的火力投送能力以期在边缘星域的海盗手中自保。

为了应对早期运力不足的窘境而设计并建造的一型较为简陋的运货运船；由于骑士团在很长的一段时间内并没有扩张计划，且绝大部分舰船兼顾一定的固体货物运输能力，故长期存在于骑士团现役舰船队列。具有一定的远程火力投送能力。",,,
rs_avaritia,SHIP,"作为骑士团早期的一类小型舰船，贪婪级主要是作为机动导弹挂架存在的：孱弱的电网也几乎不允许她进行前线作战。但是对于导弹运载舰而言，她是合格的。

结构简单、维护方便、操作容易、造价低廉、威力可观，贪婪级满足了作为一个合格战争机器的一切要求；所以经过了一个世纪以来的服役，她依旧活跃在骑士团的一线部队中。",,,
rs_behemoth,SHIP,"骑士团早期设计的一型火力巡洋舰，承担着维持阵线与猎杀小型舰船的任务。由于其性能优秀，改装潜力大，用途多样，在经过数次现代化改造后仍然服役于骑士团的一线部队，作为舰队中坚继续释放光彩。

在设计之初骑士团的总师其实并没有太多通用型巡洋舰的设计思路————在十字军的舰队中巡洋舰大多是以特化的角色出现在战场上。最后是借鉴了偶然得到的某型优秀巡洋舰的残骸并以之为蓝本进行设计最终得到了现在的比希莫斯级巡洋舰。",,,
rs_leviathan,SHIP,"为了弥补早期骑士团舰队在进攻性方面的不足，利维坦级被设计并制造出来。正如其名，重装甲、重火力，配合经过特殊设计能承受能过载的动力舱，利维坦级是骑士团最富盛名的陷阵之士。由于她过于契合这个职责，骑士团在之后都没有为此重新设计任何一型舰船，利维坦级也因此经历数次现代化改装后依旧活跃于骑士团的一线部队。

实际上，受限于她对于巡洋舰而言过于厚重的装甲，利维坦级的空间利用率并不高；但是她宽大的舰体弥补了这一点。只是为此，她的整备相对于一般的重型巡洋舰而言是相对费时费力的；而且由于厚重装甲的全面覆盖，利维坦级的辐能散耗能力被严重拖累，致使她难以承担正常巡洋舰的一般职责。",,,
rs_credo,SHIP,"信条级是骑士团的一类主力作战舰船。作为骑士团自主设计建造的最早一类主力舰，她帮助骑士团熬过了百废待兴的一段艰难时期。经过数次现代化改造的她依旧服役于骑士团的一线作战部队承担火力投送的任务。

信条级的设计理念便是以少敌多，其搭载的源自十字军计划时期的偏相镀层与自适应护盾系统能够帮助她抵挡来自复数个同级别敌对舰船的火力并配合队友将其击溃；而她自身的强大火力也足够令敌人汗流浃背。",,,
rs_praecepta,SHIP,"戒律级航空战列舰是骑士团早期设计思路的集大成者：宽广的舰体、充实的武备、精良的子系统、当然也略显笨重。经历数次现代化改造，戒律级依旧以前线航空支援的角色活跃于一线部队。

纵然她乍一看显得粗重，但是其舰体内部搭载的精良舰载系统是为整个英仙座星域中各大势力所垂涎的。也正是拥有这样的武力，戒律级与她的姐妹们才能够在一个多世纪以来保护这片净土免受战乱的侵害。",,,
rs_constantia,SHIP,"由于战备压力与成本的关系，早期的骑士团不可能长期维持一个以大型作战舰船为主的奢侈武装力量，于是稍微“廉价”的泛用主力舰的设计以及制造计划被提上日程；最后确定了以大型远程压制武器与战斗机联合打击的设计思路，最终的成果便是 坚定 级重型航空战列舰。

她基本上是顺着 军团级 的作战思路延申的，但是她的主要火力只剩下位于舰船中央的那门可以根据作战要求更改发射方法的大功率内置炮塔上；从某种意义上来说， 坚定级 的作战能力很大程度上取决于其搭载的战机联队。不过她的火力对于一艘较为廉价的主力作战舰船而言也是足够应付绝大部分情况了。",,,
,,,,,
rs_typhaon,SHIP,"随着综合实力的发展，骑士团急需一批常备的、专门化的武装力量。作为这支武装力量的专门航空支援，提丰 级航母被设计并建造出来，专门承担航空作战任务与空域争夺任务。

提丰 级航母几乎舍弃了正常作战舰船的一切，将所有可用部分供给给了对舰载机力量的支持，这也导致了她本体的孱弱，若非是骑士团优秀设计人员的奇思妙想，她本应该是一艘毫无自保能力的舰船；纵然如此，她依旧保留了充足的冗余系统与丰富的可拓展空间以待后续改装与改进，这也直接造就了这样的一艘优秀战舰。",,,
rs_scylla,SHIP,"作为骑士团的主要任务从区域拒止转向一定程度扩张的分水岭，斯库拉 级重型巡洋舰无疑将进攻这一思路发挥得淋漓尽致，她的一切几乎都是为了如何快速突破敌军阵线、斩首高价值目标设计的。

从火力密度上来看，斯库拉 级的统治者 级的明显具有的影子，但是她更加暴力，也更加无所畏惧，她的电网是不足以支持正常的辐能交换的，所以她唯一的作战思路就是冲锋，破坏敌军阵线，然后撤离——如果运气够好。但是她依旧留有相当充足的冗余系统与可拓展结构，这也为后续的改进留下了足够的空间。",,,
rs_cerberus,SHIP,"纵然写作巡洋舰，但是见过她的人一致表示——刻耳柏洛斯 级是一款披着巡洋舰外皮的主力舰。作为骑士团近卫部队的进攻锋刃，刻耳柏洛斯 级的主要任务就是维持住由友军冲破的敌军阵线。在面对中小型舰船时，她可以以优势火力进行歼灭作战；面对大型舰船的进攻时，她可以凭借机动性进行僵持。

纵然她拥有作为巡洋舰而言庞大的体积，但是尚不具备与正规主力舰进行直接正面交战的能力，再加上她相对昂贵的成本，导致她在近卫部队中的存在合理性一直受到部分人士的质疑。但是凭借着优秀的性能与明确的战术定位，她依旧为自己在骑士团作战部队中赢下了一个重要的地位。同时由于充足冗余系统和可拓展结构，她的改装潜力也是远超一般舰船的。在优秀的指挥官手下，刻耳柏洛斯 级总能发挥出远超自身成本的效益。",,,
rs_kharybdis,SHIP,"作为某种意义上的刻耳柏洛斯 级改型，卡律布狄斯 级则承担着更丰富的战术任务与作战目标。卡律布狄斯 级的诞生不可避免地牵扯到刻耳柏洛斯 级的后续改进计划——有相当一部分行政官员认为一艘造价堪比主力舰的大型巡洋舰应当承担更多的职能以追求更高的性价比，于是在刻耳柏洛斯 级的框架之上，卡律布狄斯 级应运而生。
卡律布狄斯 级以牺牲一部分机动能力与部分火力为代价换取了更充足的冗余系统以及完备的舰载机生产与控制体系，这给予了卡律布狄斯 级更丰富的可改装性，使得她真正成为了战场上的多面手。在经验充足的指挥官手中，卡律布狄斯 级几乎可以正面击溃星域内的大部分常规主力舰。
在定型之后，卡律布狄斯 级便作为近卫军团的中坚力量服役至今；在许多军事行动中都出现了她奋战的身影。",,,
rs_fidelitas,SHIP,"忠诚 级炮击巡洋舰，用于长距离战术打击，为骑士团舰队与敌军对垒时准确清除敌方高价值单位；同时拥有一定的机动能力并保有相当程度的自卫火力，能够进行有限度的独立作战，但是依旧难以独自面对正规主力舰的打击。

忠诚 级的模块化主炮设计导致她可以较为简单地切换不同主炮以应对不同类型的目标，这赋予了她极强的战术灵活性，也使得忠诚 级对各类软硬目标都具有相当优秀的打击能力。",,,
rs_sophia,SHIP,"智慧 级最初的设计方案其实与现在服役的方案截然不同。最初她是作为正规的舰队航空母舰进行设计的，拥有极高的综合性能；但是随着骑士团将特殊机动兵器列装并作为一种主要的作战力量，一艘具有广阔整备空间、能作为这些机动兵器母舰的高速航母的需求也随之浮出水面。于是在抛开许多作为正规航母而言必须的系统、专门拓展了整备区域与引擎动力、造价相对低廉的高速航母就此应运而生。

如今她的作战思路便是以高航速抵近前线，用大规模的低廉舰载机联队配合机动兵器作战，以相对优秀的电网系统辅助承伤并维持战线；但是不可避免的，为了控制成本，智慧 级并不拥有太多的可装配系统，这导致指挥官必须根据任务需要对装配方案进行取舍。不过归功于骑士团一以贯之的充足冗余系统与可拓展结构，她依旧具有较高的改造潜力。",,,
rs_vincere,SHIP,"与其说是高速战列舰，在某种程度上胜利 级更像是火力密度更高的战列巡洋舰，不过由于设计上的紧凑性，她在正面作战时完全可以发挥出比肩一般主力舰的火力，同时可以依靠优秀的机动能力对复数敌人进行牵制并伺机击破单个目标。

胜利 级是骑士团近卫部队中毋庸置疑的火力支点，同时由于其大量冗余系统以及可拓展空间的设计，她可以经过简单调整便适应多种作战环境、迎合多种任务需求。毫无疑问地，胜利 级是一款极其优秀的主力舰。",,,
rs_tiumphus,SHIP,"为了弥补在正规战列舰与大型巡洋舰之间的战术缺口，凯旋 级这样一艘被骑士团官方称为“高速战列舰”的战舰被设计并制造出来交予骑士团正规武装力量使用。由于其独特的战术价值，一般只能在近卫舰队中最精锐的部分才能窥见她的身影。
总有好事者将这一级神秘的舰船与星域中常见的奥德赛 级战列舰做对比，也常有不明人士就这一级战舰的性能发出不合时宜的质疑——对此最好的回答便是几乎无人敢于在中小规模的战斗中与凯旋 级战列舰做出成体系对抗。正如其名，她设计出来便是要带着舰队凯旋而归的。",,,
rs_nazaret,SHIP,"迅捷而凶猛，拿撒勒的所有设计都是为了进攻、破交与斩首而生。这样一艘庞大的无畏舰可以搭载相对而言较少的精锐船员突破敌方战线在无人星区保持静默状态数月，只为了猎杀确定的重要目标。
拿撒勒 级的设计理念与已有的骑士团舰船相比显得格格不入——这是一艘将进攻与火力发挥到极致的舰船，她的设计初衷只有一个——让敌人胆寒。
在骑士团立足于星域的前期，他们所控制的恒星系常常受到卢德末日派——即后来的卢德左径教派的前身的长期袭扰与破坏，这样的情况知道骑士团建立了一套完整的星系防御体系为止；这段历史在骑士团内部被详尽记载，在这一段动荡期时被近乎毁灭的星系防御空间站也依旧以废墟的状态被保留着。就在骑士团在某种机缘巧合下与当时在星域内立足不稳的原人之领第八战斗群接触到时，拿撒勒 级的设计项目便作为一个合作项目被提出。而她的首舰所承接的第一项任务便是猎杀当初直接负责袭击 圣域 星系的左径指挥官舰队；当然，此次任务以骑士团方以几乎无战损全歼左径舰队告终，自此拿撒勒 级的威名也远传于英仙座中。",,,
rs_bethlehem,SHIP,"当然，在智慧 级高速航母的设计与研制完成后，骑士团的设计人员并没有完全废弃先前的舰队航母设计，他们将其完善，并增添子系统，最终完成了伯利恒 级这样一艘庞然大物。她拥有令星域内几乎所有势力都眼红的单舰航空投送力量，理论上可以以单舰的航空火力进行一个恒星系的空域管制。同时她预留的大量冗余系统与可拓展结构也为她较好地执行多种任务提供可能。

如今伯利恒 级只作为近卫军团的星系保卫力量，在骑士团驻扎的星系内进行有限使用，并配合拜占庭 级移动要塞进行区域拒止任务，这是骑士团得以在星域的混乱局势中得以暂时安身的不可替代的力量支持。而就目前来说，没有人希望这艘战舰以骑士团官方的名义出现在核心星域的任何一个位置——这意味这一场旷日持久的毁灭的开端。",,,
rs_lordanes,SHIP,"在完成了 伯利恒级的设计与建造之后，一线作战部队很快地发现了这一作战平台巨大的可改装潜力；但是由于长时间内骑士团并不需要太多进攻性武器系统，这一基于 伯利恒级平台地改装计划被长期搁置。但是在tr计划成规模服役，且骑士团逐步改变外交倾向后，该计划被再次重启，最后得到了兼顾火力打击、航空支援与舰队支点作用的 约旦级次旗舰。

某种程度上来说，约旦级与 伯利恒级在整体框架上出奇的一致，但是为了容纳那座令人瞩目的阳电子加速器，在普通武备上 约旦级是稍微逊色的，所以她加装了一座防御平台以弥补这一部分的火力损失。

虽然约旦级没有如同 伯利恒级那样令人叹为观止的航空打击能力，没有 拿撒勒级那样如手术刀一般切割敌阵地侵略性，也没有 拜占庭级那样如同海潮一般令人无法阻挡的统治力，但是她的多样性和适应性足以让她在战场上拼杀出属于自己的独特地位。",,,
rs_byzantine,SHIP,"作为骑士团武装力量能够真正完全捍卫所在星系的证明，同时作为骑士团武装力量的旗帜，拜占庭 级毋庸置疑地能够被称作是战争艺术的集大成之作——高效、严格、威力强大。在某种程度上，拜占庭 级甚至可以部分地承担一座星际要塞的军事力量投送职能；如果不考虑宜居性的情况，她甚至可以作为一座小型移动殖民地使用。
拜占庭 级的设计不可谓不极端。她本质上就是一门极大体积的粒子加速器加上了护盾、装甲与引擎，也正因为此，她获得了同体积舰船都望尘莫及的有效平均能量密度——正因此她能够在战斗中有效使用各种高耗能子系统——但这之后的散热和维护过程就不好详细描述了。
拜占庭 级的首次出现便以武力震慑的方式挫败了某域外强大势力试图强力胁迫骑士团放弃自身合法权益的企图；在这之后，骑士团在真正以独立势力的角色涉足星域政治斗争并扮演公正的第三方和平处理了多场势力间的纷争。可以毫不夸张地说，以拜占庭 级为首的骑士团武装力量正是维持骑士团治下星区长治久安的直接原因。",,,
,,,,,
rs_superbia,SHIP,"傲慢级是骑士团设计建造的新一代前线航空支援单位，搭载具有实验性质的电子支援系统，能够为友方找寻到敌人的弱点，并协助友方击溃敌军。

傲慢级是骑士团在英仙座的建造水平下对重新应用十字军计划遗留技术的又一次尝试————毕竟在跨越空间的情况下近乎无损耗地传输能量几乎是神话级别的技术————纵然英仙座的人们曾生活在神话中。",,,
rs_livoroculorum,SHIP,"嫉妒级是骑士团设计的专职火力支援的炮击驱逐舰，搭载具有实验性质的、原型为十字军计划遗留的大型长程能量加农。嫉妒级为了搭载这一武器系统进行了大刀阔斧的电网设计，拥有了接近轻巡洋舰的电网冗余，这也造就了她相对驱逐舰而言的高昂造价。不过她的战场表现告诉我们这一切都是值得的。

她的设计思路只有一个：为驱逐舰塞下足够高功率的武器————所以她的表现也十分的极端————几乎没有适航性，所有曾在这一级舰船上服役的水兵们都对此闭口不谈。",,,
rs_viadivina,SHIP,"天途级作为骑士团设计制造的新一代火力投送战列舰，极大强化了其动力系统，使得这样一艘庞然大物在战场上能够拥有比肩征服者级的机动能力，同时她丰沛的火力也能撕碎视野中可见的一切敌人；但庞大的动力系统占用了太多舰体空间，作为代价，天途级的电网是不平衡的：她拥有无畏舰级别的电网冗余，但并没有相对应的耗散能力，这极大地影响了她在战场上的火力持续性。

但毋庸置疑的是，天途级依旧是英仙座星域内最精良、最致命的掠食者，她的火力即是对一切质疑的最好回答。",,,
rs_archons,SHIP,"作为骑士团新一代战列巡洋舰，窃翼级采用了机动作战学说的设计理念，并重新搭载了源于十字军计划的动力调整系统，加上舰体搭载的强力武备，这位窃翼级提供了足以正面对抗攻势级的战力。但由于制造工艺的相对落后，骑士团难以量产源自十字军计划的许多设备，导致窃翼级的建造依旧是带有实验性质的，自然她的造价也十分高昂。

作为机动作战学说指导下的强大新锐舰船，她能够如狂风般席卷敌舰，而后安然撤退，片羽不湿。",,,
rs_decretumsarum,SHIP,"为了弥补骑士团前线航空力量投送的空缺，骑士团设计并制造了圣裁级重型前线航母。为了最大化航空投送系统与电网体系，圣裁级抛弃了以往骑士团舰船十分重视于使用大规格武器的传统设计转而使用了大量的小型武器并以暴雨一般的投射量压垮敌人的电网系统。

高效的武器投射系统，高质量的航空力量投送，高可靠性的电网体系，足够与正常前线舰船组成战线的机动能力。这些决定了圣裁级足够成为一款优秀的前线作战舰船，同时能够为最前沿的战术拒止力量提供弥足珍贵的及时航空支援。

同时，圣裁级搭载了传统骑士团大型舰船所忽视的地面支援系统，这代表着骑士团对于地面支援的重新重视，也表现了骑士团的战略职责开始从保守的防御转向积极的实现战略扩张。",,,
rs_rexlignorum,SHIP,"薪王级航空战列舰是骑士团根据早期偶然获得的一艘余晖主力舰改进设计而成————它庞大而诡异，其异常的结构更像是余晖中枢的AI核心出错的结果，但在这份杂乱之下是余晖对于空间利用的绝妙理解。骑士团吸收了这部分设计并融入了一些十字军计划的设计理念。于是，薪王级航空战列舰诞生了。

她搭载了独特的、专门设计的烬卫级准护卫规模无人支援机，能够与母舰一同编制一道难以穿越的火力巨网。可能组织她大规模服役的唯一原因只有那居高不下的造价，但在绝对的火力与她为你带来的胜利面前，这都不值一提。",,,
,,,,,
rs_MA_01,SHIP,"“铁球”的诞生其实是一个十分偶然、但是盛大的巧合。在骑士团尚且挣扎着欲想立足于星域中的年代，由于大型军事生产的需要，他们急需一款成本低廉、具备高威胁性火力且可以随时备降带航母的小型多用途作战载具以承担进地防卫、航道巡逻甚至于辅助舰队执行战术行动等任务。在这种情况下，一款原本设计用于小行星采矿的载具被选中并进行军事化改装，这便是之后家喻户晓的“铁球”。
早期型铁球的性能令人诟病：她基本上是一个圆形动力舱带上一门大型火箭增程榴弹炮，她的电网甚至难以承担一次榴弹炮的满载射击；而防护性能更是为其赢得了“铁棺材”的美称。
在经过数次现代化改造后，铁球的电网系统被有效升级，并安装了一套高效率贴合舰体的护盾发生器。这样的铁球可以凭借数量优势淹死星域内的大部分战舰，同时因为其成本相对低廉且用途极为广泛被骑士团一线作战部队使用至今。她也是骑士团为数不多的受到贸易管制的小型载具。",,,
rs_SDA_MA,SHIP,"在品尝到小型机动载具的甜头后，骑士团加大了在此类机动载具（后成为“机动装甲”）研发进程上的投入。结合当时骑士团在战术电子战领域上与星域内老牌势力存在较大差距，于是一款搭载高功率电子战系统、以战术电子对抗为核心任务的机动装甲被设计出来，这便是后来广泛服役于骑士团精锐作战部队的 灼兰 级电子战特化机动装甲，即Scout-Detect-Assist电子战特化作战载具。
她最令人印象深刻的是那一套集成了武器挂载装置的圆环，那是一系列极高功率的电子战天线，灼兰 可以通过它发射周期性电磁涌浪以对较大范围的敌方电子设备进行攻击。同时，灼兰 几乎舍弃了机动性与装甲，在舰体上搭载了高周波雷达，这极大地增加了灼兰 的电子侦察能力。
由于灼兰 级在电子战领域的优秀能力，她也被骑士团官方列为贸易管制载具，一般只能在骑士团的精锐作战舰队中见到她的身影。",,,
rs_TMA_MA,SHIP,"为了尽可能发挥机动装甲在运动性能上的特质，骑士团希望有一类拥有相对优势火力、但同时拥有强大机动性、能够冲击敌方驱逐舰以及巡洋舰所构成阵线的机动装甲。于是Tactics-Maneuver-Attack，即后来的TMA 蝴蝶兰 级机动装甲在这个设计指标下被生产出来。
正如她的名称，她被设计出来凭借强大机动性与相对集中的火力以单点突破敌方阵线，为此她配备了对于同规模舰船而言过于强大的火力，并通过搭载主力舰级别的动力系统以获得极强的机动能力；不过相应的代价是她也就此收获了一个相对庞大的机体以及与这个规模毫不匹配的机体结构。
蝴蝶兰 是一款极端的、优劣明显的机体，但是她确实能在作战中发挥应有的作用。而由于她的优秀表现与部分技术优势，一般只能在骑士团的精锐作战部队中发现她的身影，同时她也是被列入骑士团贸易管制清单中的小型作战舰船。",,,
,,,,,
rs_Tr_1_owsla,SHIP,"在多次实际作战中，人型/类人型机动兵器成功地证明了其强大的灵活性与可拓展性，能够胜任大部分常规作战任务；但是其缺乏韧性与强大火力的问题也很好地展现在骑士团武装力量的眼前。于是为了提高机动兵器韧性与火力密度的武装进阶计划——“Tr”计划应运而生。Tr1“海兹尔”作为Tr系列的开山之作在下线后即刻投入了实际使用，并在多轮改装后沿用至今。
奥斯拉作为“海兹尔”系列最为常见的改装型号以高拓展性闻名，其拥有多种型号可以面对多样的战场情况并完成多种战术任务；抛开其成本较高的问题，奥斯拉是一款极其优秀的作战载具。Tr1-海兹尔-奥斯拉也是现在骑士团武装力量中最为常见的人型机动兵器。
",,,
rs_Tr_1_haznthley,SHIP,"在完成了伍德沃特的设计与制造以及列装之后，骑士团研究人员注意到先前的海兹尔计划依旧存在许多可以改进与利用的冗余；所以他们提出了在海兹尔基础上利用伍德沃特技术对其进行改进的课题，并最终造就了海兹尔-海瑟斯雷这样一台对于正常机动兵器而言过于庞大的怪物。
这台机体为高速作战做出了专门适配，不仅强化了基础骨架也加装了直接与主体相连的长程喷射推进器；不过就此海兹尔便不再拥有足够进行大刀阔斧修改的冗余空间，海兹尔-海瑟斯雷也就成为了这一系列机体的最终形态。",,,
rs_Tr_2,SHIP,"与其将比扎克描述为机动兵器，不如说她就是一门移动的粒子发生器。Tr2-比扎克立项的目的便是研发一门实用的可用于高速情况下精准打击远距离目标的长程武器；在这方面上来说，比扎克是一个比较成功的项目。
不过应当注意，比扎克作为作战单位而言是缺乏足够韧性的；不过她依旧能够作为合格的廉价远距离火力支援单位参与作战。",,,
rs_Tr_2_Owsal,SHIP,"既然作为单独作战单元的比扎克难以承担复杂作战任务，那如果将她与成熟子系统结合起来呢？这个问题的答案便是比扎克-奥斯拉，安装了以骑士团偶然间获得名为“吉翁号”的特殊机动兵器为蓝本的核心控制单元并搭载奥斯拉改装系统的比扎克。
这样的改装赋予了她远高于比扎克原型的作战韧性与火力强度，使其成为了战场上不可多得的火力支点。不过源自比扎克的作战韧性问题依旧未被根除——这样意味着对机体架构进行大刀阔斧的修改，在成本上是极不合算的。
作为这样一种“妥协”的产物，比扎克-奥斯拉这样一种带有明显实验性质的武器便以战场机动支援的角色活跃在某些特殊部队的作战序列中。",,,
rs_Tr_3,SHIP,在选定Tr系列最终作品的武装时，比起传统的舰载机，骑士团研究人员提出了使用小型无人机动兵器作为火力支援单位的设想；这个设想最终导向了基哈尔无人作战单元。,,,
rs_Tr_4_Dandelion,SHIP,"无论机动兵器的灵活性如何出众，在战场上依旧需要一个足够坚韧、能够承担绝大部分正面火力的单位；同时她必须有能力出现在任何可能的战场上有效应对绝大部分敌人。在这样的要求下，作为高适应性移动战场支点的丹迪莱恩应运而生。
丹迪莱恩本质上是机动兵器的一类外置武装——这样一架庞然大物可以通过令人难以置信的神经链接技术被内置于核心区的机动兵器驾驶员所直接控制；同时她本身也拥有独立作战能力，不过在战场上极少单独出击。",,,
rs_Tr_5_fiver,SHIP,"正如她极具侵略性的外观，费伯正是为了击破敌军阵线而设计的。当这样一架巨物以不可思议的速度冲向你时，你只能感受到直面巨浪时一般的无力与悔恨。
费伯的设计思路就是舍弃一切无用的结构与子系统换来无与伦比的突击性能与火力——这样的代价就是相对孱弱的结构强度与电网——这些被外置装甲部分地补足，但是依旧难以达到正常同规模舰船的平均水平。所以通常只有万里挑一的优秀指战员才能够驾驭这样一只猛兽。",,,
rs_Tr_6,SHIP,"作为Tr计划的集大成者，伍德沃特几乎可能通过高兼容性接口无延迟控制Tr计划下几乎所有装备——她就是作为这些装备的中控单元而设计的。
伍德沃特极少以无外挂装备的素体形式出战，但纵然是素体状态，她依旧具有不凡的战斗力。",,,
rs_Tr_6_haznthley,SHIP,"伍德沃特作为战术载体的优秀程度毋庸置疑，只让她作为大型机动装甲的核心机未免有些浪费。于是骑士团研究人员为其设计了一系列外挂武器装备与附加系统，让她能够在战场上发挥出更加惊人的效能。
伍德沃特-海瑟斯雷可以较为自由地切换搭载模式以应对复杂多变地战场环境，是不可多得的战场多面手；但是受限于部署成本与较复杂的整备流程，她基本只能在骑士团近卫部队的精英作战序列中出现。",,,
rs_Tr_6_Inle,SHIP,"银雷，从名称上便可瞥见一丝她的不同凡响。作为Tr计划的最终成果，银雷的设计目标便是作为一种相对高性价比的战略兵器而存在的——她也没有辜负研究人员们的希望，她完全能够单舰镇压并控制一整个恒星系。在机体性能上，银雷通过合适子系统的组合实现了火力、机动性与防护性能上的平衡，也无愧于终极兵器之名。不过银雷的驾驶员被责令在作战状态下必须进行为期6小时的轮替作业，以避免长时间高压运算对身体造成严重生理伤害。
不过令人咋舌的是，不知是否是骑士团标准化设计的功劳，银雷也可以搭载仓储与人员搭载舱段实现长距离深空航行，其效能甚至高于绝大多数一般的作战舰船。这令许多资深军事观察员感到费解，不过他们也许终其一生也难以找到这个问题的解答了，",,,
,,,,,
vow_piafides,SHIP,"这是你在誓言者队列中所能见到最为常见的舰船，她能够承担机动支援、火力打击乃至舰队后勤等多种任务，且制造相对简单、成本低廉、易于维护。对于以机动兵器为主要打击手段且缺乏资源的誓言者而言，虔信 级是再合适不过的舰船。
虔信 级设计时便被高度模块化以承担各种战术需求，这也导致她在每个细分领域都难以做到顶尖；而且孱弱的舰体与轻薄的装甲也难以抵抗优势火力的持续打击。但是其多样的武装体系与足够的机动能力赋予了她充足的战术主动性，这对于经验丰富的指挥官而言是最为重要的。",,,
vow_tentatio,SHIP,"誓言者特勤舰船，以高速相位破交而闻名。虽然她几乎是拼凑起来的舰体承受不住长时间高速相位潜行带来的结构压力，但是她依旧能通过短时间相位去到几乎任何她需要去往的位置；她的火力投送能力也支持她短时间内解决绝大部分星域中可以见到的敌人。
理论上来说，以誓言者的资源储备，建造一艘相位舰船都是代价极高的，更遑论大型相位舰船了；但是考验 级开创性地在相位舰上使用了大量的镂空与衔架设计，成功地减少了制造成本，提升了舰体机动性，并为子系统的加装提供了充足空间，但代价则是她的舰体强度几乎被限制在最低的阈值上，在使用时必须谨慎。这是你能找到的最为脆弱但是致命的兵器。",,,
vow_admonitio,SHIP,"某种程度上来说，劝诫 级是她巡洋规格姐妹的某种放大版本，但是受限于材料资源以及加工技术，为了不过多占用工时，她在设计时更是抛弃了一切对于远洋作战舰船而言“不太重要”的东西，比如厚重的装甲，结实的舰体——某种程度上来说，失去了能量镀层的约束，劝诫 级就是一栋危房——但是以此换来的是一艘拥有优秀支援能力、高适应性且廉价的主力舰船。
一贯的模块化为劝诫 级带来了丰富到超出绝大多数人想象的可拓展度，能够在各种作战环境中经由优秀指挥官承担各种角色。
",,,
vow_disciplina,SHIP,"正如他们一以贯之的风格，管教 级将绝大部分舰体留给了武器系统与动力系统；似乎设计者对她的唯一要求就是能够完好地驶入发射阵地，开火，然后尽量完整地撤离。不过这样极端的设计使得管教 级拥有同规模舰船难以理解的瞬时火力投送能力，这使得她总是战场上那个无法忽视的对手。
管教 级很脆弱，但是在舰队中，你得越过誓言者们用舰载机、机动兵器和巡洋舰构成的几乎密不透风的防御网络——这是一个艰难到几乎不可能实现的任务——所以管教 级的任务很简单，开火就是。",,,
vow_castigatio,SHIP,"就现有情报可以认为，责罚 级是誓言者正常情况下作战队列中规模最大的舰船，她的存在也十分明确：通过较强的韧性和较高的火力集中度为誓言者控制区域战斗提供一个相对可靠的支点。无论如何艰难的情况，责罚 级总能凭借她的火力与高速找出一个有效的破局点。
平心而论，这样规模的作战舰船一般不会为了缩短工时和缩减用料来将舰体强度压到这种档次；也不知道是由于誓言者们对自己战术的肯定还是对自有科技的自信，他们似乎觉得责罚 级基本不大可能面对太过强烈的正面火力。不过脆弱而裸露的舰体也让她的维护变得简单，纵然是一艘主力级别的大型战舰。",,,
vow_perditio,SHIP,"这是一头真正的巨兽，是理论上你能在誓言者舰队中见到的最宏伟的武装平台，也是足以单舰应对绝大部分局面的战略武器。誓言者舰船一如既往的简体风格在 诛灭 级身上体现得淋漓尽致——甚至更进一步，因为他们的生产力很难支持将这样一艘巨兽以各方面都完全合格的方式投入战场，但这并不影响她作为一艘高速无畏舰的致命性。
她拥有远超正常主力舰船的机动性，足够的火力投送能力与合格的航空投送能力，她完全可以快速突入战场大杀四方后扬长而去；同时只要不是面对局部优势火力，她的防御性能也足以应对绝大部分情况。这足够她她成为英仙座绝大多数指挥官的梦中情人。
不过在仔细观察后可以发现，诛灭 级舰体上的一些结构似乎有一种奇妙的违和感，就好像她本应该以另一种样貌登上英仙座舞台一样。",,,
,,,,,
vow_VMS_12,SHIP,"最开始只是一种应急兵器，纵然只是由誓言者们东拼西凑攒出的一架小型机体， VMS_12 特拉杰级 却具有远超成本的战场影响力。她全身上下只有两种设计元素：快速突破、火力投送；于是你不能期待她在持久战下有什么亮眼表现，不过也无所谓，誓言者们耗不起。

虽然在理念上有所分歧，但是誓言者们从他们的老家学到了很实用的一课：系统工程与模块化——故 特拉杰依旧保留了许多升级的可能性，纵然她的机体框架强度不是那么的支持各类改装。",,,
vow_VMS_14,SHIP,"在开始拥有真正独立工业能力后， 特拉杰 在日渐正规化、高烈度化的作战中开始显得捉襟见肘；于是一款新型多用途机动兵器的研发被誓言者们提上日程，并最终造就了 VMS_14 巴扎姆——一款多用途、模块化、全领域的泛用机动兵器。
VMS_14 巴扎姆 能够根据任务需要外挂不同装备，而且切换方便，如果不考虑损耗甚至可以在深空航行过程中完成外挂装备更换；这对于注重空间机动性的誓言者们而言无疑是重中之重。
纵然修修补补，但是令人疑惑的是，以 VMS_14 巴扎姆 为首的誓言者机动兵器系统在本质上和他们本家的Tr系统没有差别，二者在相当程度上存在通用部件，这也成为长久以来令英仙座人津津乐道的话题。",,,
vow_VMS_15,SHIP,"VMS_15 里海泽，是誓言者以 Tr_6 海瑟斯雷为原型的机动兵器平台上改装而来的高规格机体，相比 Tr_6 海瑟斯雷，里海泽更加注重于机动与破袭作战。跟她那几乎无法看出原型地样貌不同，在整体构造与系统设计上，里海泽与其原型基本没有差别。
机体使用的主武器是在原先Tr_6长刃步枪基础上，结合了小型化粒子约束技术制造的，具有强大压制力；本质上里海泽也是脱胎于Tr计划的分支，展现了Tr系统强大的适应能力与充足的改造空间。",,,
,,,,,
rs_MSA0011(Bst)303E,SHIP,"在一系列机缘巧合之下，骑士团在一次深空勘探任务中获得了名为“S高达”的人形机动作战单元的大部分设计资料以及一系列名为“爱丽丝”的高性能人工智能单元的源代码；于是在经过极具骑士团特色的改造设计之后，这台搭载了独特人工智能控制单元的高机动重火力机体就此问世。

紫罗兰 上搭载的最为引人注目的武装便是那门尺寸惊人的能量巨炮，其发射的弹丸几乎可以穿透路径上的一切结构；除此之外，其拥有的与规模及不匹配的强大火力致使这台机体几乎只能被万中挑一的优秀驾驶员完美驾驭。",,,
rs_RX78_GP03_D,SHIP,"由于 RX78_GP-03S 机动战士系统的高可拓展性，骑士团计划将其与外挂的武器系统结合以作为一种大火力、高机动力，及兼备MS的泛用性的特点的超级兵器，于是 RX_78_GP_03D 石斛兰 应运而生。

石斛兰 主要被用于为宇宙空间据点防御，由于其外挂武器系统的体积过于庞大，导致 石斛兰 基本不可能直接从母舰起飞参与战斗，也只能在搭载整备湾的主力舰的参与下进行维护，这极大地限制了 石斛兰 的实用场景。但无疑地， 石斛兰 强大的火力与超过一般MS的机动性能也能轻易给人留下深刻印象，而其在设计之初便贯彻的模块化装配方案也为其整备提供了相当的便利。

作为超规格的机动兵器， 石斛兰 原本设计是需要两位经验丰富的驾驶员共同操作才能较好地发挥应有的性能；但在骑士团较缺乏的人力资源条件下，设计师们不得不通过神经链接框架和有限度的ai管控系统来将石斛兰的必须载员保持在一人，同时保留了第二位驾驶员的操作位与ai核心安装接口；纵然简化至此， 石斛兰 依旧需要万中挑一的王牌驾驶员才能完美地发挥预计性能。",,,
,,,,,
rs_revelatio,SHIP,"初看你会显得意外，因为你从未见过这样就连外观都如此极端的舰船——在这样极端的武装配置下她的舰体甚至都显得娇小。是的，这就是一艘为了攻击而不惜一切的舰船，她所拥有的特性都是为了将致命的火力更迅速而精准地投送到敌方地护盾、装甲或是舰体上——为此她所拥有的只有火力、机动性和一个经过精心调试的主控系统。
你不能断言她作为一型主力舰是否合格，但是你的所有直觉乃至经验都在向你告警——这是一柄利刃，一柄足够致命、足以撕碎一切的利刃。",,,
rs_vindicatiodei,SHIP,"作为骑士团武装力量直属科研机构的新型成果，神裁 级航空战列舰尚未列装与骑士团任何一支现役武装部队。她所搭载的技术过于理想化、许多子系统之间的组合几乎可以用天马行空来描述——显然，她在可靠性上无法作为一个合格的、需要成规模列装的武器。
纵然如此，我们可以从她身上寻得骑士团军事舰船未来发展的一些蛛丝马迹——更优秀的兼容性、更广泛的适用性、更具想象力的可拓展性与更加受到重视的联合打击能力——当然，要是制造成本能得到良好控制就更好了。",,,
rs_infernum,SHIP,"作为神裁 级的后继舰型，黑渊 及其姊妹舰在减少成本与子系统复杂性的同时在舰体的模块化上下足了功夫——黑渊 级以及其姊妹舰可以通过更换部分子系统来更改舰船的主要武器接口与作战方式。可惜的是纵然削减了建造成本，目前仍只有两艘同型舰完成了建造与舾装工作。
无疑地，这是一级及富有侵略性的舰船，在她的舰载与航空火力打击下几乎没有常规舰船能正面抗下她的瞬时火力投送。",,,
,,,,,
rs_XIV_Exousia,SHIP,"作为骑士团与霸主的“技术-产能交换”体系中含金量最高的单个项目，权柄 级无愧于她及其昂贵的成本——五个完整的轨道工业设施以及配套的上游产业链——至少对于霸主而言是如此。她能够完全胜任一个恒星系中的空域争夺与管制任务，为后续的军事投送提供强有力的保证，这与霸主的决战舰队思路不谋而合。
权柄 级使用了当时骑士团能够以量产方式稳定应用于作战舰船上的几乎一切技术，这也在她的制造成本上很明显地反映出来；不过霸主作战部队认为这笔花费在很多程度上是合算的——因为一项成熟稳定的巨舰设计技术本身在很多程度上是无价的，无论是否需要真正使用它。
权柄 级在此后一直被视为“技术-产能交换”体系的代表，它开创了骑士团在生产能力上对星域先进水平的追赶时代，也揭开了骑士团对此前遗产的成规模梳理的序幕，是目前骑士团能够维持一支相对有力的武装力量的物理基础；不过这次交换也为骑士团带来了一系列与“不友善”朋友的“不友好”交流历程，不过这也是后话了。",,,
rs_judex,SHIP,"也许是出于政治上的考量，又或是由于对先进技术的觊觎。辛达强权 在 霸主 与 红条骑士团 的合作项目结束后便第一时间找上门来，要求与 红条骑士团 共同开发一款强大到足以猎杀星域内所有已列装主力舰的无畏级别战舰。这个项目直接造就了之后的审判官级。

除了参与设计与制造的重要人员，没有人知道一艘如此庞大的舰船是如何能够撕裂空间、以完整的状态在一瞬间跳跃如此之长的距离。加上她恐怖的武备，可以认为是完成了其设计指标的————如果不考虑成本的话。

传言当时 辛达强权 极力要求其所属的研究人员参与审查官级的核心设计，并不惜以军事手段施压，但似乎在霸主的迫使下偃旗息鼓。在审判官级首舰建造完工时，辛达曾派遣了一队庞大的军事舰队希望前往骑士团首都进行签收————顺带作为谈判筹码；但他们低估了骑士团舰队的发展速度，故而只能够按照既定合同完成签收。

自从审判官级完成设计并建造以来，她就是星域中最为致命的主力舰之一，这个事实在可见的未来不会改变。如今由于成本问题，她只有部分狮心卫队的精锐舰队能够装备。",,,
rs_daturadiaboli,SHIP,"合乎刻板印象地，速子科技对科技地觊觎促成了其与骑士团的技术合作项目，这直接促成了噩兆花 级的诞生。作为一艘主力级别的辅助舰船，她能够在电子辅助与能量平衡以令人惊喜的方式对友方舰船进行辅助，她几乎能够改变所有高科类型舰船的作战方式。
这次合作也如同其它有速子科技参和的事情一样——最终是一地鸡毛：在噩兆花 级首舰完成海试的当月，速子科技便以雇佣兵的形式妄图掠夺噩兆花 级首舰、其研发资料以及骑士团的重点科研单位，纵然这次行动被骑士团武装力量挫败，最终速子科技也以数座重工业生产设施以及一定数量熟练技术工人为代价买断了噩兆花 级的生产资料，但是骑士团的正常科研项目仍因为这次闹剧被中断了数月。
也正是由于这次事件，骑士团与速子科技的外交关系陷入了冷淡，在这样的死寂之下却潜藏暗流，至少几乎每月都有隶属于速子科技的生产与科研单位受到不同程度的影响甚至破坏；不过这些都是后话了。",,,
,,,,,
crr_mathew,SHIP,"马太级是相对近期才被成功目击到活跃于星域中各大失控ai舰队中的一类航空战列舰。由于其独特的外表与辨识度极高的船型而被相对快速地识别并确认。

不同于她地中科表姐，相似的布局在经过无人化改造后被赋予了更强劲的战斗力：增加的导弹火力使得马太级能够短时间超视距投送能够击垮目前已知的任何一种常规主力舰，内置的防空系统也能够断送任何妄图以航空力量或导弹对马太级进行打击的想法。

由于她过于强悍的航空投送能力，红条骑士团也尝试并成功“捕获”了一艘马太级。但骑士团官方并未就检测结果发表任何声明。

“没错，她是一位魅力四射的大美人。但这****一定是失控ai对我设计的无耻剽窃！”————某骂骂咧咧的舰船设计师",,,
crr_nova_mk2,SHIP,"新星-特装型级是相对近期才被成功目击到活跃于星域中各大失控ai舰队中的一类战列舰。在最开始她被错误地认为是她那声名远扬的、常见于各大余晖游荡舰队中的姐姐；不过她令人咋舌的性能很快速地纠正了英仙座人们的观念。

正如她的姐姐，几乎全部面向前方的槽位明确地说明了这是一艘用于突破敌阵的舰船，同时经过强化的机动性和外挂的舰载机甲板则强化了她在战场上的全能性；无疑地在毫无准备的情况下与她正面遭遇将会造成一场噩梦。

有势力在野外遭遇她并成功逃离后在战场记录中发现了一段被星区各大势力记录在案的频段。但骑士团官方并未就检测结果发表任何声明。",,,
crr_apex_mk2,SHIP,"折光-特装型级是相对近期才被成功目击到活跃于星域中各大失控ai舰队中的一类大型巡洋舰。经过多次遭遇获得的样本，她被认为是基于常见的余晖巡洋舰 折光级作为主体框架添加子系统与外挂结构改进而来。

正如她的姐姐，几乎全部面向前方的槽位明确地说明了这是一艘用于突破敌阵的舰船，同时经过强化的机动性和外挂的舰载机甲板则强化了她在战场上的全能性；无疑地在毫无准备的情况下与她正面遭遇将会造成一场噩梦。

有势力在野外遭遇她并成功逃离后在战场记录中发现了一段被星区各大势力记录在案的频段。但骑士团官方并未就检测结果发表任何声明。",,,
crr_aurora,SHIP,"极光-特装型级是相对近期才被成功目击到活跃于星域中各大失控ai舰队中的一类大型巡洋舰。经过多次遭遇获得的样本，她被认为是基于常见的高科巡洋舰 极光级作为主体框架添加子系统与外挂结构改进而来。

在极少的遭遇资料反映出来，极光-特装型形似高科巡洋舰 极光级，但是她具有对于巡洋舰而言难以直视的重火力与完全不同的战术子系统；可以认为，她在一切非主力舰面前都是极端致命的。

有势力在野外遭遇她并成功逃离后在战场记录中发现了一段被星区各大势力记录在案的频段。但骑士团官方并未就检测结果发表任何声明。",,,
,,,,,
#舰载机描述,,,,,
rs_vigifavilla,SHIP,搭载于薪王级之上的重型无人支援机。其相对舰载机而言庞大的机身令人惊叹地搭载了三门大型武器，故需要特殊设计的整备湾才有能力对其进行战时整备。她拱卫于薪王级之前，对任何来犯的小型单位而言都是一道难以逾越的障碍。,,,
rs_garuda,SHIP,脱胎于“希腊剑”的中型无人支援机，搭载了骑士团制造的中型实弹武器，能够胜任对中小型目标护盾的压制任务，在成规模部署时的火力也足以震慑大部分重型单位。,,,
rs_griffon,SHIP,以“阔剑”战斗机为蓝本设计的一款重型战斗机，放大了机身框架，增强了舰载武备，专精于对空作战与压制敌方单位的护盾系统。,,,
rs_aquilachrysaetos,SHIP,骑士团设计的一类中型无人战斗机，用装甲与结构换取了对中小型单位无与伦比的压制力。,,,
rs_buboscandiacus,SHIP,雪鸮级是一类带有相当实验性质的重型护航/支援用途的空中作战单位————其诞生的最大原因就是某位不知名设计师丧心病狂地成功将相位空雷突袭装置小型化，故而雪鸮级被设计并建造出来以搭载这类对于战机而言耗能过高的装置。,,,
rs_falcoperegrinus,SHIP,游隼级是骑士团新一代高速制空战机，其设计目的便是快速、高效地抢夺制空权，并兼任压制小型舰船的任务。,,,
rs_gypsfulvus,SHIP,与其说是战斗机，兀鹫即更像是一种重型攻击机。虽然她过于缓慢，可一旦兀鹫们进入攻击位置，无论体型多庞大的猎物都会被兀鹫们撕扯下一块肉来。,,,
rs_sagittariusserpentarius,SHIP,蛇鹫级是骑士团试图将制式能量武器机载化的一次尝试。纵然结果不太成功：制式能量武器还是占据了太多机舱空间，以至于设计师们不得不临时扩大机腹结构并强化其应力结构；但搭载了制式能量武器的蛇鹫编队依旧能很好地完成她们的战术任务。,,,
,,,,,
rs_disputatio,SHIP,骑士团武装部队现役高速多用途截击机。由于其优秀的性能和极高的泛用度被列为出口管控项目。,,,
rs_appellatio,SHIP,骑士团武装部队现役高速重型战斗机。可以同时兼顾制空与压制小型舰船的任务，需要训练有素的整备部队才能发挥比较优秀的战斗力，被骑士团官方列为出口管控项目。,,,
rs_confutatio,SHIP,骑士团武装部队现役重型战斗轰炸机。搭载高杀伤性武装专职打击战场上的大型目标，需要精良的维护与整备才能在作战中发挥出众性能，被骑士团官方列为出口管制项目。,,,
,,,,,
vow_elmo,SHIP,爱尔莫 级，誓言者中最为常见的舰载机，搭载探矿激光与毒刺空雷，结构简单易于整备维护，面对弱防空目标时还能发挥较强的反舰功能。,,,
vow_boanerges,SHIP,波纳尔 级，誓言者航空力量的中坚，可承担多种作战任务，对大多数常见目标都有充足的打击能力，不过整备时间稍长机体强度偏弱。,,,
vow_uriel,SHIP,乌列尔 级，重型突击炮艇，具有一般舰载机望尘莫及的火力密度，可用于争夺战场制空权，但是庞大的机身导致她容易被普通反舰火力命中，出击时需要明智规划进攻路线。,,,
vow_seraphim,SHIP,瑟拉芬 级，誓言者舰队的战术打击载具，用于完成战区外大规模杀伤性武器投送任务，针对大型、巨型载具而对小型目标的命中率欠佳。,,,
,,,,,
cr_FA1,SHIP,十字军计划舰队制式战斗机，作为远程航空打击力量中不可或缺的一环存在着。,,,
cr_FA2,SHIP,十字军计划舰队制式截击机，用于中距离拦截与区域制空权争夺。,,,
cr_FFR31,SHIP,十字军计划舰队精锐截击机，受限于机体空间无法拥有较远的航程，但以此换取了更强大的挂载能力，足以对中小型舰船造成较大威胁。,,,
cr_FFR31MR,SHIP,十字军计划舰队精锐战斗机。加宽的机体、加大的挂载、强化的投射量都说明了她能够很好地承担许多任务——前提是忽视正在叫骂的地勤人员。,,,
,,,,,
#战术系统描述,,,,,
RS_Station_Drone,SHIP_SYSTEM,部署四架搭载了点防御武器与鱼雷的马其顿无人机，用于近距离防御与驱离小型舰船。,,,
CR_PhaseboostDrive,SHIP_SYSTEM,使用十字军能量核心短时间过载动力系统，使舰船向特定方向跃进一段距离，在横向移动时效果最强。可以根据搭载的不同强化套件而产生不同的效果。,,,
CR_PhaseVerbJet,SHIP_SYSTEM,提高十字军能量核心的功率并持续一段时间，在持续时间内将强化舰船的机动性并加速武器装填。可以根据搭载的不同强化套件而产生不同的效果。,,,
CR_DamperBurn,SHIP_SYSTEM,强化十字军能量核心出力并持续一段时间，使舰船向前冲锋的同时获得减伤。可以根据搭载的不同强化套件而产生不同的效果。,,,
RS_MABurn,SHIP_SYSTEM,阻尼冲锋的一种改型，使舰船在动力系统过载时也能一定程度上进行机动，避免在动力系统过载时的小型载具变成太空活靶子。,,,
CR_PhaseCrossing,SHIP_SYSTEM,通过十字军能量核心的瞬时爆发来撕裂空间，从而达到较长距离战时传送的效果。可以根据搭载的不同强化套件而产生不同的效果。,,,
CR_PhaseDrift,SHIP_SYSTEM,短时间超载动力舱并将多余能量用于撕裂空间，提高舰船机动性并造成主观时缓；在系统运行期间武器系统无法开火。可以根据搭载的不同强化套件而产生不同的效果。,,,
CR_AuroraUtrennyaya,SHIP_SYSTEM,使十字军能量核心超载一段时间，产出的多余能量被用以撕裂维度而产生舰船虚影。虚影可以对敌方单位造成伤害，但由于能量损耗的缘故，造成的伤害仅为原先的十分之一。,,,
RS_FieldOfThops,SHIP_SYSTEM,“老师常说人类的力量能够偏转一切，纵然是神明的伟力。我曾经对其表示怀疑，但我如今无比坚信这个结论”——日志 编号A17103F,,,
RS_fluxexchange,SHIP_SYSTEM,以自身为中转将友方舰船的辐能转移至锁定的敌方舰船上,,,
CR_TargetingLink,SHIP_SYSTEM,将战机与母舰的信息感知链路并网，同时过载战机动力系统以增强战机表现。可以根据搭载的不同强化套件而产生不同的效果。,,,
RS_FortressShieldStats,SHIP_SYSTEM,加压舰船护盾系统以提升护盾表现，通常状态下系统持续期间舰船无法开火。可以根据搭载的不同强化套件而产生不同的效果。,,,
RS_WeaponOverloading,SHIP_SYSTEM,超载舰船能量核心，并将多余能量供给至武器系统以短时间增强武器性能。可以根据搭载的不同强化套件而产生不同的效果。,,,
RS_MaECMpulse,SHIP_SYSTEM,超载舰船通讯模块，释放大范围EMP激波，瘫痪范围内导弹。,,,
,,,,,
# 势力描述,,,,,
red_stripe,FACTION,"红条骑士团 是一支颇具神秘色彩的准军事宗教组织。有传闻称他们在第一次ai战争后便突兀地出现在英仙座的外围星区的某处，同时携带着大量但难以复制的与人之领高端技术同源的科技力量。但令人十分疑惑的是，拥有这样科技实力的组织竟然是以宗教组织的面目示人的，他们中大部分认为科技是神给予人类的福音，是神爱世人的象征，并以近乎狂热的态度敬重科技。

红条骑士团 一向与 霸主 维持着良好的关系，有分析称骑士团与霸主的老人们在一些议题上保有相似乃至于相同的看法。不过毫无疑问地，红条骑士团 使用了一定程度的军用技术作为向 霸主 换取工业产能与援建的筹码；从目前的结果来看，两家都从中获利。同时，骑士团与信达强权也有过正常军事合作，不过二者之间的态度一直不温不火。再有小道消息称，骑士团曾经与 速子科技 之间也有过合作事宜，但是这个项目最终结果却是不欢而散；速子科技还就此发动过对骑士团的匿名袭击，不过袭击的结果是我们尚不可知的。

一个多世纪以来，骑士团凭借其能解读并使用的先进科技对其所在星域进行了大刀阔斧的建设，其掌控的星系一直被英仙座中许多自视为真理朝圣者的知识分子视作乌托邦一般的存在。只是在一片欣欣向荣的情境下，一个新生政权转向成熟时不可避免地弊病也逐渐一一显现。骑士团内部的有识之士对此表示担忧，但大部分的朝圣者依旧对此漠不关心。",,,
cinis_of_crusaders,FACTION,"我们并不清楚这群自动机械的出处，只知道它们的科技带有明显的人之领烙印且高于英仙座星域目前的技术水平。除此之外，它们的活动轨迹、动机之类我们一概不知。就目前而言，它们会如同海盗一般随机地劫掠各个星系，且秩序井然。

有人怀疑它们是红条骑士团的黑手套，由于那相似性极高的技术路线与一脉相承的制造工艺。但骑士团始终不曾对此做出过正面回应。",,,
red_stripe_vower,FACTION,"这是一群自称“誓言者”的松散组织，由各类海盗与从红条骑士团中脱离的分子构成——当然，这是曾经。近几十年来，这一组织的架构越加严密，纪律性越加齐整，行动也由原先的不定时劫掠商队变得更具有正式性，更是与红条骑士团官方进行了数次武装冲突。
总有人认为这个组织的成员都是无政府主义和分离主义的拥趸——毕竟真要说骑士团的治下算是星域内最适合生活的区域了——不过他们近年来不断强化的纪律性正在慢慢扭转这一印象。但是依旧没有人确切地知道他们地政治主张——毕竟没有人幼稚到相信他们明面上要将英仙座人类带回黄金时代这个信誓旦旦的誓言。",,,
# 实体描述,,,,,
cr_gatehauler,CUSTOM,这是一只由人类的智慧与汗水凝聚成的钢铁巨兽，你尚能从她宏伟的构造与坚实却破损的结构上窥得往日的一丝荣光。她的职责本应是开拓人类的视线边界，可如今只能蹉跎于此。作为人类，我们都应该期待着这样一只巨兽还能有再度启程的一日。,,,
rs_oath_station,CUSTOM,"一座宏伟的轨道设施，集火力投送、工业生产乃至于大型交通枢纽的诸多功能于一身——当然，这是曾经。这样一座拥有一定一定移动能力的巨型人工设施总是被卢德左径那帮恐怖分子所青睐的。
而她没有遂玛雅苏兰故事的唯一原因就是骑士团上下坚定的抗争于决心，他们付出了惨重的代价，故而避免了更大的损失。当然，那帮左径疯子也没能逃开制裁——不过这点惩罚也许只是利息也说不准呢。
而这座要塞便维持着她当初被毁的模样直至今日，骑士团官方的说法是将其作为当年惨剧的纪念碑。不过有知情人士透露骑士团官方曾经有过将其修复的打算，不过在早期属于力有不逮，后面发现修复的成本远高于可能收益，这个议题便不了了之了。",,,
rs_arxcaelestis,CUSTOM,"在那场誓约要塞陨落之后，骑士团武装力量在重新组织架构的同时也开始了更新一轮的军事设施建设，这座宏伟的集大型舰队锚地与综合性工业设施为一体的巨型空港巨构便开始了筹备事宜，与 Ardor Ignis 的工业设施建设属于同期工程。
现在的星堡已经成为骑士团军事力量外围投射的第一据点，同时承担着一些特殊武备的实验与测验性列装的任务。",,,